{"cod": "200", "message": 0.0061, "cnt": 39, "list": [{"dt": 1553310000, "main": {"temp": 287.83, "temp_min": 284.798, "temp_max": 287.83, "pressure": 1028.32, "sea_level": 1028.32, "grnd_level": 1024.03, "humidity": 74, "temp_kf": 3.03}, "weather": [{"id": 803, "main": "Clouds", "description": "broken clouds", "icon": "04d"}], "clouds": {"all": 56}, "wind": {"speed": 1.97, "deg": 228.004}, "rain": {}, "sys": {"pod": "d"}, "dt_txt": "2019-03-23 03:00:00"}, {"dt": 1553320800, "main": {"temp": 290.74, "temp_min": 288.47, "temp_max": 290.74, "pressure": 1026.41, "sea_level": 1026.41, "grnd_level": 1022.32, "humidity": 64, "temp_kf": 2.27}, "weather": [{"id": 803, "main": "Clouds", "description": "broken clouds", "icon": "04d"}], "clouds": {"all": 64}, "wind": {"speed": 1.77, "deg": 200.001}, "rain": {}, "sys": {"pod": "d"}, "dt_txt": "2019-03-23 06:00:00"}, {"dt": 1553331600, "main": {"temp": 289.66, "temp_min": 288.145, "temp_max": 289.66, "pressure": 1025.22, "sea_level": 1025.22, "grnd_level": 1021.09, "humidity": 53, "temp_kf": 1.51}, "weather": [{"id": 803, "main": "Clouds", "description": "broken clouds", "icon": "04d"}], "clouds": {"all": 76}, "wind": {"speed": 2.02, "deg": 135.501}, "rain": {}, "sys": {"pod": "d"}, "dt_txt": "2019-03-23 09:00:00"}, {"dt": 1553342400, "main": {"temp": 283.35, "temp_min": 282.589, "temp_max": 283.35, "pressure": 1025.55, "sea_level": 1025.55, "grnd_level": 1021.21, "humidity": 55, "temp_kf": 0.76}, "weather": [{"id": 801, "main": "Clouds", "description": "few clouds", "icon": "02n"}], "clouds": {"all": 12}, "wind": {"speed": 2.67, "deg": 136.502}, "rain": {}, "sys": {"pod": "n"}, "dt_txt": "2019-03-23 12:00:00"}, {"dt": 1553353200, "main": {"temp": 279.714, "temp_min": 279.714, "temp_max": 279.714, "pressure": 1025.73, "sea_level": 1025.73, "grnd_level": 1021.27, "humidity": 59, "temp_kf": 0}, "weather": [{"id": 801, "main": "Clouds", "description": "few clouds", "icon": "02n"}], "clouds": {"all": 24}, "wind": {"speed": 2.88, "deg": 157.005}, "rain": {}, "sys": {"pod": "n"}, "dt_txt": "2019-03-23 15:00:00"}, {"dt": 1553364000, "main": {"temp": 277.547, "temp_min": 277.547, "temp_max": 277.547, "pressure": 1024.58, "sea_level": 1024.58, "grnd_level": 1020.19, "humidity": 80, "temp_kf": 0}, "weather": [{"id": 802, "main": "Clouds", "description": "scattered clouds", "icon": "03n"}], "clouds": {"all": 36}, "wind": {"speed": 1.32, "deg": 158.002}, "rain": {}, "sys": {"pod": "n"}, "dt_txt": "2019-03-23 18:00:00"}, {"dt": 1553374800, "main": {"temp": 276.605, "temp_min": 276.605, "temp_max": 276.605, "pressure": 1023.85, "sea_level": 1023.85, "grnd_level": 1019.4, "humidity": 79, "temp_kf": 0}, "weather": [{"id": 803, "main": "Clouds", "description": "broken clouds", "icon": "04n"}], "clouds": {"all": 56}, "wind": {"speed": 1.22, "deg": 110.002}, "rain": {}, "sys": {"pod": "n"}, "dt_txt": "2019-03-23 21:00:00"}, {"dt": 1553385600, "main": {"temp": 280.017, "temp_min": 280.017, "temp_max": 280.017, "pressure": 1024.36, "sea_level": 1024.36, "grnd_level": 1020.06, "humidity": 75, "temp_kf": 0}, "weather": [{"id": 804, "main": "Clouds", "description": "overcast clouds", "icon": "04d"}], "clouds": {"all": 92}, "wind": {"speed": 3.91, "deg": 117.005}, "rain": {}, "sys": {"pod": "d"}, "dt_txt": "2019-03-24 00:00:00"}, {"dt": 1553396400, "main": {"temp": 284.505, "temp_min": 284.505, "temp_max": 284.505, "pressure": 1024.12, "sea_level": 1024.12, "grnd_level": 1019.96, "humidity": 71, "temp_kf": 0}, "weather": [{"id": 804, "main": "Clouds", "description": "overcast clouds", "icon": "04d"}], "clouds": {"all": 92}, "wind": {"speed": 3.23, "deg": 149.01}, "rain": {}, "sys": {"pod": "d"}, "dt_txt": "2019-03-24 03:00:00"}, {"dt": 1553407200, "main": {"temp": 286.942, "temp_min": 286.942, "temp_max": 286.942, "pressure": 1021.46, "sea_level": 1021.46, "grnd_level": 1017.27, "humidity": 61, "temp_kf": 0}, "weather": [{"id": 804, "main": "Clouds", "description": "overcast clouds", "icon": "04d"}], "clouds": {"all": 92}, "wind": {"speed": 2.65, "deg": 173.002}, "rain": {}, "sys": {"pod": "d"}, "dt_txt": "2019-03-24 06:00:00"}, {"dt": 1553418000, "main": {"temp": 286.797, "temp_min": 286.797, "temp_max": 286.797, "pressure": 1019.73, "sea_level": 1019.73, "grnd_level": 1015.47, "humidity": 56, "temp_kf": 0}, "weather": [{"id": 803, "main": "Clouds", "description": "broken clouds", "icon": "04d"}], "clouds": {"all": 80}, "wind": {"speed": 2.37, "deg": 159.5}, "rain": {}, "sys": {"pod": "d"}, "dt_txt": "2019-03-24 09:00:00"}, {"dt": 1553428800, "main": {"temp": 282.893, "temp_min": 282.893, "temp_max": 282.893, "pressure": 1020.55, "sea_level": 1020.55, "grnd_level": 1016.25, "humidity": 64, "temp_kf": 0}, "weather": [{"id": 803, "main": "Clouds", "description": "broken clouds", "icon": "04n"}], "clouds": {"all": 76}, "wind": {"speed": 2.52, "deg": 162.003}, "rain": {}, "sys": {"pod": "n"}, "dt_txt": "2019-03-24 12:00:00"}, {"dt": 1553439600, "main": {"temp": 279.408, "temp_min": 279.408, "temp_max": 279.408, "pressure": 1020.77, "sea_level": 1020.77, "grnd_level": 1016.46, "humidity": 78, "temp_kf": 0}, "weather": [{"id": 802, "main": "Clouds", "description": "scattered clouds", "icon": "03n"}], "clouds": {"all": 36}, "wind": {"speed": 1.56, "deg": 182.501}, "rain": {}, "sys": {"pod": "n"}, "dt_txt": "2019-03-24 15:00:00"}, {"dt": 1553450400, "main": {"temp": 276.649, "temp_min": 276.649, "temp_max": 276.649, "pressure": 1020.22, "sea_level": 1020.22, "grnd_level": 1015.86, "humidity": 83, "temp_kf": 0}, "weather": [{"id": 801, "main": "Clouds", "description": "few clouds", "icon": "02n"}], "clouds": {"all": 24}, "wind": {"speed": 1.28, "deg": 166}, "rain": {}, "sys": {"pod": "n"}, "dt_txt": "2019-03-24 18:00:00"}, {"dt": 1553461200, "main": {"temp": 274.787, "temp_min": 274.787, "temp_max": 274.787, "pressure": 1019.63, "sea_level": 1019.63, "grnd_level": 1015.18, "humidity": 83, "temp_kf": 0}, "weather": [{"id": 801, "main": "Clouds", "description": "few clouds", "icon": "02n"}], "clouds": {"all": 12}, "wind": {"speed": 1.25, "deg": 176.501}, "rain": {}, "sys": {"pod": "n"}, "dt_txt": "2019-03-24 21:00:00"}, {"dt": 1553472000, "main": {"temp": 280.937, "temp_min": 280.937, "temp_max": 280.937, "pressure": 1020.6, "sea_level": 1020.6, "grnd_level": 1016.19, "humidity": 83, "temp_kf": 0}, "weather": [{"id": 803, "main": "Clouds", "description": "broken clouds", "icon": "04d"}], "clouds": {"all": 56}, "wind": {"speed": 1.36, "deg": 172}, "rain": {}, "sys": {"pod": "d"}, "dt_txt": "2019-03-25 00:00:00"}, {"dt": 1553482800, "main": {"temp": 288.611, "temp_min": 288.611, "temp_max": 288.611, "pressure": 1021.05, "sea_level": 1021.05, "grnd_level": 1016.82, "humidity": 66, "temp_kf": 0}, "weather": [{"id": 802, "main": "Clouds", "description": "scattered clouds", "icon": "03d"}], "clouds": {"all": 32}, "wind": {"speed": 2.07, "deg": 222.002}, "rain": {}, "sys": {"pod": "d"}, "dt_txt": "2019-03-25 03:00:00"}, {"dt": 1553493600, "main": {"temp": 291.377, "temp_min": 291.377, "temp_max": 291.377, "pressure": 1018.71, "sea_level": 1018.71, "grnd_level": 1014.6, "humidity": 59, "temp_kf": 0}, "weather": [{"id": 800, "main": "Clear", "description": "clear sky", "icon": "01d"}], "clouds": {"all": 0}, "wind": {"speed": 2.66, "deg": 203.001}, "rain": {}, "sys": {"pod": "d"}, "dt_txt": "2019-03-25 06:00:00"}, {"dt": 1553504400, "main": {"temp": 291.474, "temp_min": 291.474, "temp_max": 291.474, "pressure": 1017.14, "sea_level": 1017.14, "grnd_level": 1013.03, "humidity": 50, "temp_kf": 0}, "weather": [{"id": 800, "main": "Clear", "description": "clear sky", "icon": "01d"}], "clouds": {"all": 0}, "wind": {"speed": 2.27, "deg": 206}, "rain": {}, "sys": {"pod": "d"}, "dt_txt": "2019-03-25 09:00:00"}, {"dt": 1553515200, "main": {"temp": 283.943, "temp_min": 283.943, "temp_max": 283.943, "pressure": 1018.06, "sea_level": 1018.06, "grnd_level": 1013.71, "humidity": 60, "temp_kf": 0}, "weather": [{"id": 800, "main": "Clear", "description": "clear sky", "icon": "01n"}], "clouds": {"all": 0}, "wind": {"speed": 3.27, "deg": 150.001}, "rain": {}, "sys": {"pod": "n"}, "dt_txt": "2019-03-25 12:00:00"}, {"dt": 1553526000, "main": {"temp": 280.658, "temp_min": 280.658, "temp_max": 280.658, "pressure": 1020.01, "sea_level": 1020.01, "grnd_level": 1015.66, "humidity": 83, "temp_kf": 0}, "weather": [{"id": 800, "main": "Clear", "description": "clear sky", "icon": "01n"}], "clouds": {"all": 0}, "wind": {"speed": 2.51, "deg": 163.001}, "rain": {}, "sys": {"pod": "n"}, "dt_txt": "2019-03-25 15:00:00"}, {"dt": 1553536800, "main": {"temp": 277.697, "temp_min": 277.697, "temp_max": 277.697, "pressure": 1020.12, "sea_level": 1020.12, "grnd_level": 1015.69, "humidity": 83, "temp_kf": 0}, "weather": [{"id": 800, "main": "Clear", "description": "clear sky", "icon": "01n"}], "clouds": {"all": 0}, "wind": {"speed": 1.26, "deg": 145.002}, "rain": {}, "sys": {"pod": "n"}, "dt_txt": "2019-03-25 18:00:00"}, {"dt": 1553547600, "main": {"temp": 276.56, "temp_min": 276.56, "temp_max": 276.56, "pressure": 1019.89, "sea_level": 1019.89, "grnd_level": 1015.51, "humidity": 79, "temp_kf": 0}, "weather": [{"id": 800, "main": "Clear", "description": "clear sky", "icon": "01n"}], "clouds": {"all": 0}, "wind": {"speed": 1.21, "deg": 149.5}, "rain": {}, "sys": {"pod": "n"}, "dt_txt": "2019-03-25 21:00:00"}, {"dt": 1553558400, "main": {"temp": 283.641, "temp_min": 283.641, "temp_max": 283.641, "pressure": 1021.16, "sea_level": 1021.16, "grnd_level": 1016.91, "humidity": 80, "temp_kf": 0}, "weather": [{"id": 800, "main": "Clear", "description": "clear sky", "icon": "02d"}], "clouds": {"all": 8}, "wind": {"speed": 1.32, "deg": 142.001}, "rain": {}, "sys": {"pod": "d"}, "dt_txt": "2019-03-26 00:00:00"}, {"dt": 1553569200, "main": {"temp": 293.082, "temp_min": 293.082, "temp_max": 293.082, "pressure": 1021.83, "sea_level": 1021.83, "grnd_level": 1017.68, "humidity": 67, "temp_kf": 0}, "weather": [{"id": 802, "main": "Clouds", "description": "scattered clouds", "icon": "03d"}], "clouds": {"all": 32}, "wind": {"speed": 2.76, "deg": 170.001}, "rain": {}, "sys": {"pod": "d"}, "dt_txt": "2019-03-26 03:00:00"}, {"dt": 1553580000, "main": {"temp": 295.266, "temp_min": 295.266, "temp_max": 295.266, "pressure": 1019.46, "sea_level": 1019.46, "grnd_level": 1015.3, "humidity": 48, "temp_kf": 0}, "weather": [{"id": 803, "main": "Clouds", "description": "broken clouds", "icon": "04d"}], "clouds": {"all": 56}, "wind": {"speed": 4.72, "deg": 166.502}, "rain": {}, "sys": {"pod": "d"}, "dt_txt": "2019-03-26 06:00:00"}, {"dt": 1553590800, "main": {"temp": 291.873, "temp_min": 291.873, "temp_max": 291.873, "pressure": 1018.26, "sea_level": 1018.26, "grnd_level": 1014.24, "humidity": 52, "temp_kf": 0}, "weather": [{"id": 804, "main": "Clouds", "description": "overcast clouds", "icon": "04d"}], "clouds": {"all": 88}, "wind": {"speed": 3.45, "deg": 161.006}, "rain": {}, "sys": {"pod": "d"}, "dt_txt": "2019-03-26 09:00:00"}, {"dt": 1553601600, "main": {"temp": 287.609, "temp_min": 287.609, "temp_max": 287.609, "pressure": 1018.6, "sea_level": 1018.6, "grnd_level": 1014.42, "humidity": 59, "temp_kf": 0}, "weather": [{"id": 804, "main": "Clouds", "description": "overcast clouds", "icon": "04n"}], "clouds": {"all": 100}, "wind": {"speed": 3.36, "deg": 146.002}, "rain": {}, "sys": {"pod": "n"}, "dt_txt": "2019-03-26 12:00:00"}, {"dt": 1553612400, "main": {"temp": 286.705, "temp_min": 286.705, "temp_max": 286.705, "pressure": 1018.7, "sea_level": 1018.7, "grnd_level": 1014.43, "humidity": 66, "temp_kf": 0}, "weather": [{"id": 803, "main": "Clouds", "description": "broken clouds", "icon": "04n"}], "clouds": {"all": 80}, "wind": {"speed": 3.46, "deg": 154.005}, "rain": {}, "sys": {"pod": "n"}, "dt_txt": "2019-03-26 15:00:00"}, {"dt": 1553623200, "main": {"temp": 284.707, "temp_min": 284.707, "temp_max": 284.707, "pressure": 1017.69, "sea_level": 1017.69, "grnd_level": 1013.35, "humidity": 78, "temp_kf": 0}, "weather": [{"id": 803, "main": "Clouds", "description": "broken clouds", "icon": "04n"}], "clouds": {"all": 80}, "wind": {"speed": 1.41, "deg": 129}, "rain": {}, "sys": {"pod": "n"}, "dt_txt": "2019-03-26 18:00:00"}, {"dt": 1553634000, "main": {"temp": 284.294, "temp_min": 284.294, "temp_max": 284.294, "pressure": 1017.03, "sea_level": 1017.03, "grnd_level": 1012.81, "humidity": 83, "temp_kf": 0}, "weather": [{"id": 804, "main": "Clouds", "description": "overcast clouds", "icon": "04n"}], "clouds": {"all": 92}, "wind": {"speed": 1.17, "deg": 178.505}, "rain": {}, "sys": {"pod": "n"}, "dt_txt": "2019-03-26 21:00:00"}, {"dt": 1553644800, "main": {"temp": 287.184, "temp_min": 287.184, "temp_max": 287.184, "pressure": 1017.79, "sea_level": 1017.79, "grnd_level": 1013.49, "humidity": 79, "temp_kf": 0}, "weather": [{"id": 803, "main": "Clouds", "description": "broken clouds", "icon": "04d"}], "clouds": {"all": 56}, "wind": {"speed": 1.61, "deg": 203.002}, "rain": {}, "sys": {"pod": "d"}, "dt_txt": "2019-03-27 00:00:00"}, {"dt": 1553655600, "main": {"temp": 292.709, "temp_min": 292.709, "temp_max": 292.709, "pressure": 1017.5, "sea_level": 1017.5, "grnd_level": 1013.36, "humidity": 66, "temp_kf": 0}, "weather": [{"id": 804, "main": "Clouds", "description": "overcast clouds", "icon": "04d"}], "clouds": {"all": 92}, "wind": {"speed": 1.72, "deg": 352.505}, "rain": {}, "sys": {"pod": "d"}, "dt_txt": "2019-03-27 03:00:00"}, {"dt": 1553666400, "main": {"temp": 290.784, "temp_min": 290.784, "temp_max": 290.784, "pressure": 1016.44, "sea_level": 1016.44, "grnd_level": 1012.49, "humidity": 73, "temp_kf": 0}, "weather": [{"id": 500, "main": "Rain", "description": "light rain", "icon": "10d"}], "clouds": {"all": 92}, "wind": {"speed": 2.22, "deg": 308.501}, "rain": {"3h": 0.27}, "sys": {"pod": "d"}, "dt_txt": "2019-03-27 06:00:00"}, {"dt": 1553677200, "main": {"temp": 288.671, "temp_min": 288.671, "temp_max": 288.671, "pressure": 1015.65, "sea_level": 1015.65, "grnd_level": 1011.58, "humidity": 77, "temp_kf": 0}, "weather": [{"id": 500, "main": "Rain", "description": "light rain", "icon": "10d"}], "clouds": {"all": 92}, "wind": {"speed": 1.66, "deg": 121.503}, "rain": {"3h": 0.525}, "sys": {"pod": "d"}, "dt_txt": "2019-03-27 09:00:00"}, {"dt": 1553688000, "main": {"temp": 286.433, "temp_min": 286.433, "temp_max": 286.433, "pressure": 1016.81, "sea_level": 1016.81, "grnd_level": 1012.66, "humidity": 95, "temp_kf": 0}, "weather": [{"id": 500, "main": "Rain", "description": "light rain", "icon": "10n"}], "clouds": {"all": 100}, "wind": {"speed": 2.71, "deg": 117.5}, "rain": {"3h": 0.55}, "sys": {"pod": "n"}, "dt_txt": "2019-03-27 12:00:00"}, {"dt": 1553698800, "main": {"temp": 286.62, "temp_min": 286.62, "temp_max": 286.62, "pressure": 1017.28, "sea_level": 1017.28, "grnd_level": 1013.08, "humidity": 92, "temp_kf": 0}, "weather": [{"id": 500, "main": "Rain", "description": "light rain", "icon": "10n"}], "clouds": {"all": 92}, "wind": {"speed": 3.53, "deg": 120.003}, "rain": {"3h": 0.3}, "sys": {"pod": "n"}, "dt_txt": "2019-03-27 15:00:00"}, {"dt": 1553709600, "main": {"temp": 286.444, "temp_min": 286.444, "temp_max": 286.444, "pressure": 1016.71, "sea_level": 1016.71, "grnd_level": 1012.46, "humidity": 93, "temp_kf": 0}, "weather": [{"id": 803, "main": "Clouds", "description": "broken clouds", "icon": "04n"}], "clouds": {"all": 76}, "wind": {"speed": 2.42, "deg": 106.005}, "rain": {}, "sys": {"pod": "n"}, "dt_txt": "2019-03-27 18:00:00"}, {"dt": 1553720400, "main": {"temp": 284.546, "temp_min": 284.546, "temp_max": 284.546, "pressure": 1015.32, "sea_level": 1015.32, "grnd_level": 1010.98, "humidity": 83, "temp_kf": 0}, "weather": [{"id": 802, "main": "Clouds", "description": "scattered clouds", "icon": "03n"}], "clouds": {"all": 32}, "wind": {"speed": 5.02, "deg": 61.5002}, "rain": {}, "sys": {"pod": "n"}, "dt_txt": "2019-03-27 21:00:00"}], "city": {"id": 1808722, "name": "Hefei", "coord": {"lat": 31.8639, "lon": 117.2808}, "country": "CN"}}